{"cameraMode":{"drawMode":0,"name":"Shaded","section":"Shading Mode"},"sceneLighting":false,"audioPlay":false,"sceneViewState":{"showFog":false,"showMaterialUpdate":false,"showSkybox":false,"showFlares":false,"showImageEffects":false,"showParticleSystems":true},"in2DMode":false,"pivot":{"x":523.044677734375,"y":243.38839721679688,"z":0.5},"rotation":{"x":0.12949594855308534,"y":-0.023795517161488534,"z":0.003108280710875988,"w":0.9912918210029602},"size":0.18364721536636353,"orthographic":false}