{"cameraMode":{"drawMode":0,"name":"Shaded","section":"Shading Mode"},"sceneLighting":false,"audioPlay":false,"sceneViewState":{"showFog":false,"showMaterialUpdate":false,"showSkybox":false,"showFlares":false,"showImageEffects":false,"showParticleSystems":true},"in2DMode":false,"pivot":{"x":0.28663837909698489,"y":0.09339245408773422,"z":-0.016495946794748308},"rotation":{"x":0.10692610591650009,"y":-0.6478179097175598,"z":0.09256307035684586,"w":0.748575747013092},"size":0.144805908203125,"orthographic":false}